"Symbol","Date","Close","RSI","Signal","Rule"
"AAPL",2025-06-24,290.03,54.5,"Buy","MACD+RSI"
"AAPL",2025-06-25,292.91,57,"Sell","MA cross"
"AAPL",2025-06-27,280.37,45.2,"Sell","MACD+RSI"
"AAPL",2025-07-01,286.18,50.8,"Buy","MACD+RSI"
"AAPL",2025-07-02,282.78,47.6,"Sell","MACD+RSI"
"AAPL",2025-08-15,256.35,43.1,"Buy","MACD+RSI"
"AAPL",2025-09-08,251.57,42,"Sell","MACD+RSI"
"AAPL",2025-09-19,249.83,44.4,"Buy","MACD+RSI"
"AAPL",2025-09-22,244.3,38.3,"Sell","MACD+RSI"
"AAPL",2025-09-26,249.56,48.1,"Buy","MACD+RSI"
"AAPL",2025-10-10,242.51,40.8,"Sell","MACD+RSI"
"AAPL",2025-10-31,233.39,39.5,"Buy","MACD+RSI"
"AAPL",2025-11-03,226.76,31.1,"Sell","MACD+RSI"
"AAPL",2025-11-07,231.14,43.1,"Buy","MACD+RSI"
"AAPL",2025-11-12,220.39,30.5,"Sell","MACD+RSI"
"AAPL",2025-11-14,225.22,39.8,"Buy","MACD+RSI"
"AAPL",2025-11-17,215.08,30.3,"Sell","MACD+RSI"
"AAPL",2025-11-27,215.51,40.5,"Buy","MACD+RSI"
"AAPL",2025-12-09,207.62,35.3,"Sell","MACD+RSI"
"AAPL",2025-12-18,209.84,43.9,"Buy","MACD+RSI"
"AAPL",2026-01-14,199.23,36.3,"Sell","MACD+RSI"
"AAPL",2026-01-21,210.73,54.4,"Buy","MACD+RSI"
"AAPL",2026-01-29,195.54,37.5,"Sell","MACD+RSI"
"AAPL",2026-02-12,202.49,53.3,"Buy","MACD+RSI"
"AAPL",2026-03-03,213.18,57.3,"Buy","MA cross"
"AAPL",2026-03-10,210.45,52,"Sell","MACD+RSI"
"AAPL",2026-03-12,218.26,59.9,"Buy","MACD+RSI"
"AAPL",2026-03-13,207.68,48.2,"Sell","MACD+RSI"
"AAPL",2026-04-02,200.7,46.7,"Sell","MA cross"
"AAPL",2026-04-06,203.38,50.6,"Buy","MACD+RSI"
"AAPL",2026-04-23,196.28,42.5,"Sell","MACD+RSI"
"AAPL",2026-04-30,202.38,52.7,"Buy","MACD+RSI"
"AAPL",2026-05-18,201.04,47.5,"Sell","MACD+RSI"
"AAPL",2026-05-20,201.94,48.9,"Buy","MA cross"
"AAPL",2026-05-25,207.49,54.9,"Buy","MACD+RSI"
"AAPL",2026-06-16,214.31,51.5,"Sell","MACD+RSI"
"AAPL",2026-07-14,194.12,32.5,"Sell","MA cross"
"AAPL",2026-08-07,169.4,28.9,"Buy","MACD+RSI"
"AAPL",2026-09-04,174.28,40.6,"Sell","MACD+RSI"
"MSFT",2025-07-10,387.01,68.7,"Buy","MA cross"
"MSFT",2025-07-29,396.22,59,"Sell","MACD+RSI"
"MSFT",2025-08-14,409.65,66.3,"Buy","MACD+RSI"
"MSFT",2025-09-02,405.63,54.9,"Sell","MACD+RSI"
"MSFT",2025-09-24,368.8,33.2,"Sell","MA cross"
"MSFT",2025-10-07,370.49,43.4,"Buy","MACD+RSI"
"MSFT",2025-10-10,351.66,32,"Sell","MACD+RSI"
"MSFT",2025-10-21,356.05,42.4,"Buy","MACD+RSI"
"MSFT",2025-10-30,340.22,32.1,"Sell","MACD+RSI"
"MSFT",2025-11-03,345.56,39.1,"Buy","MACD+RSI"
"MSFT",2025-11-27,348.42,40.5,"Sell","MACD+RSI"
"MSFT",2025-12-22,340.31,49,"Buy","MACD+RSI"
"MSFT",2025-12-25,324.88,38.4,"Sell","MACD+RSI"
"MSFT",2025-12-26,330,43.2,"Buy","MACD+RSI"
"MSFT",2025-12-29,317.39,35.8,"Sell","MACD+RSI"
"MSFT",2026-01-09,318.33,45.9,"Buy","MACD+RSI"
"MSFT",2026-01-21,295.01,31.1,"Sell","MACD+RSI"
"MSFT",2026-01-23,305.39,42.7,"Buy","MACD+RSI"
"MSFT",2026-01-29,291.63,33.9,"Sell","MACD+RSI"
"MSFT",2026-02-02,298.76,41.6,"Buy","MACD+RSI"
"MSFT",2026-02-18,292.71,36.7,"Sell","MACD+RSI"
"MSFT",2026-03-25,254.57,35.3,"Buy","MACD+RSI"
"MSFT",2026-04-16,244.92,32.9,"Sell","MACD+RSI"
"MSFT",2026-04-28,247.12,40.8,"Buy","MACD+RSI"
"MSFT",2026-05-20,266.3,61.8,"Buy","MA cross"
"MSFT",2026-06-10,276.93,59.7,"Sell","MACD+RSI"
"MSFT",2026-07-08,252.85,40.3,"Sell","MA cross"
"MSFT",2026-07-14,260.91,49.7,"Buy","MACD+RSI"
"MSFT",2026-07-28,247.41,39,"Sell","MACD+RSI"
"MSFT",2026-08-06,251.9,47.9,"Buy","MACD+RSI"
"MSFT",2026-08-13,241.16,39,"Sell","MACD+RSI"
"MSFT",2026-08-19,244.34,43.6,"Buy","MACD+RSI"
"MSFT",2026-08-28,237.82,37.5,"Sell","MACD+RSI"
"MSFT",2026-09-03,245.33,49.1,"Buy","MACD+RSI"
"MSFT",2026-09-16,230.72,34,"Sell","MACD+RSI"
"MSFT",2026-09-25,243.65,52,"Buy","MACD+RSI"
"GOOGL",2025-06-24,138.83,44.1,"Sell","MA cross"
"GOOGL",2025-06-30,140.48,47.6,"Buy","MACD+RSI"
"GOOGL",2025-07-01,135.94,39.1,"Sell","MACD+RSI"
"GOOGL",2025-07-11,137.42,49.5,"Buy","MACD+RSI"
"GOOGL",2025-08-08,137.46,48.2,"Sell","MACD+RSI"
"GOOGL",2025-08-13,137.72,48.8,"Buy","MA cross"
"GOOGL",2025-08-18,140.27,54.1,"Buy","MACD+RSI"
"GOOGL",2025-08-25,135.22,42.7,"Sell","MACD+RSI"
"GOOGL",2025-09-05,130.64,37.8,"Sell","MA cross"
"GOOGL",2025-09-26,123.15,37.4,"Buy","MACD+RSI"
"GOOGL",2025-10-01,119.85,33.3,"Sell","MACD+RSI"
"GOOGL",2025-10-02,122.77,41.1,"Buy","MACD+RSI"
"GOOGL",2025-10-13,116.53,33.4,"Sell","MACD+RSI"
"GOOGL",2025-10-29,109.13,36.9,"Buy","MACD+RSI"
"GOOGL",2025-11-04,104.15,32.1,"Sell","MACD+RSI"
"GOOGL",2025-11-11,103.02,35.6,"Buy","MACD+RSI"
"GOOGL",2025-12-26,94.74,37.6,"Sell","MACD+RSI"
"GOOGL",2026-01-21,86.36,32.9,"Buy","MACD+RSI"
"GOOGL",2026-02-13,80.3,32.2,"Sell","MACD+RSI"
"GOOGL",2026-02-17,83.81,44.5,"Buy","MACD+RSI"
"GOOGL",2026-03-05,95.07,66.9,"Buy","MA cross"
"GOOGL",2026-03-13,91.59,52,"Sell","MACD+RSI"
"GOOGL",2026-03-31,96.48,63.1,"Buy","MACD+RSI"
"GOOGL",2026-04-09,93.06,46.9,"Sell","MACD+RSI"
"GOOGL",2026-05-04,91.93,45.6,"Sell","MA cross"
"GOOGL",2026-05-08,94.8,54.8,"Buy","MACD+RSI"
"GOOGL",2026-05-19,97.58,59,"Buy","MA cross"
"GOOGL",2026-06-08,98.26,50.7,"Sell","MACD+RSI"
"GOOGL",2026-06-16,103.8,63.6,"Buy","MACD+RSI"
"GOOGL",2026-07-06,106.95,56.1,"Sell","MACD+RSI"
"GOOGL",2026-08-03,109.57,61.7,"Buy","MACD+RSI"
"GOOGL",2026-08-11,105.35,47.1,"Sell","MACD+RSI"
"GOOGL",2026-08-21,105.23,46.9,"Sell","MA cross"
"GOOGL",2026-08-25,107,53.1,"Buy","MA cross"
"GOOGL",2026-08-28,104.13,45.3,"Sell","MA cross"
"GOOGL",2026-09-01,107.23,54.4,"Buy","MACD+RSI"
"GOOGL",2026-09-08,116.45,72.5,"Buy","MA cross"
"AMZN",2025-06-06,145.5,57,"Sell","MACD+RSI"
"AMZN",2025-06-27,144.27,56.6,"Buy","MACD+RSI"
"AMZN",2025-07-08,142.02,50.3,"Sell","MACD+RSI"
"AMZN",2025-07-17,138.57,46.7,"Sell","MA cross"
"AMZN",2025-07-25,141.1,52.7,"Buy","MACD+RSI"
"AMZN",2025-08-11,149.51,61.8,"Buy","MA cross"
"AMZN",2025-09-09,170.22,62.7,"Sell","MACD+RSI"
"AMZN",2025-10-10,167.41,56,"Buy","MACD+RSI"
"AMZN",2025-10-14,163.99,49.8,"Sell","MA cross"
"AMZN",2025-10-16,158.47,41.5,"Sell","MACD+RSI"
"AMZN",2025-10-30,160.66,54,"Buy","MACD+RSI"
"AMZN",2025-11-19,184.54,73.3,"Buy","MA cross"
"AMZN",2025-11-28,177.12,58.7,"Sell","MACD+RSI"
"AMZN",2025-12-23,155.5,36.6,"Sell","MA cross"
"AMZN",2025-12-30,157.32,42,"Buy","MACD+RSI"
"AMZN",2026-01-30,164.91,51.4,"Buy","MA cross"
"AMZN",2026-02-02,163.61,49.2,"Sell","MACD+RSI"
"AMZN",2026-02-04,168.83,57.5,"Buy","MACD+RSI"
"AMZN",2026-02-05,164.79,50.5,"Sell","MACD+RSI"
"AMZN",2026-02-23,148.92,32.4,"Sell","MA cross"
"AMZN",2026-03-02,157.07,49.9,"Buy","MACD+RSI"
"AMZN",2026-03-18,172.93,63.2,"Buy","MA cross"
"AMZN",2026-04-01,179.31,61,"Sell","MACD+RSI"
"AMZN",2026-04-28,152.52,26.5,"Sell","MA cross"
"AMZN",2026-05-22,144.06,38,"Buy","MACD+RSI"
"AMZN",2026-06-05,135.93,31.4,"Sell","MACD+RSI"
"AMZN",2026-06-10,144.35,49.2,"Buy","MACD+RSI"
"AMZN",2026-06-30,153.17,55,"Buy","MA cross"
"AMZN",2026-07-01,149.61,49.4,"Sell","MACD+RSI"
"AMZN",2026-07-28,141.95,41.9,"Sell","MA cross"
"AMZN",2026-08-13,139.91,45.7,"Buy","MACD+RSI"
"AMZN",2026-09-08,150.87,63.1,"Buy","MA cross"
"AMZN",2026-09-15,140.79,41.9,"Sell","MACD+RSI"
"AMZN",2026-09-24,148.63,56.4,"Buy","MACD+RSI"
"NVDA",2025-06-03,40.67,41.6,"Sell","MACD+RSI"
"NVDA",2025-06-23,43.23,60.4,"Buy","MACD+RSI"
"NVDA",2025-07-01,42.51,52.7,"Buy","MA cross"
"NVDA",2025-07-09,41,41.9,"Sell","MACD+RSI"
"NVDA",2025-07-17,43.29,54.6,"Buy","MACD+RSI"
"NVDA",2025-07-18,42.21,48.9,"Sell","MACD+RSI"
"NVDA",2025-07-22,43.01,52.9,"Buy","MACD+RSI"
"NVDA",2025-07-28,42.3,48,"Sell","MACD+RSI"
"NVDA",2025-08-11,42.77,54.2,"Buy","MACD+RSI"
"NVDA",2025-08-12,41.67,46.6,"Sell","MACD+RSI"
"NVDA",2025-08-14,43.64,58.5,"Buy","MACD+RSI"
"NVDA",2025-09-02,43.79,51.4,"Sell","MACD+RSI"
"NVDA",2025-09-15,45.64,63.1,"Buy","MACD+RSI"
"NVDA",2025-10-08,47.14,59,"Sell","MACD+RSI"
"NVDA",2025-11-03,49.79,64.5,"Buy","MACD+RSI"
"NVDA",2025-11-21,52.5,62.5,"Sell","MACD+RSI"
"NVDA",2025-11-28,54.33,68.8,"Buy","MACD+RSI"
"NVDA",2025-12-31,65.1,68.3,"Sell","MACD+RSI"
"NVDA",2026-02-04,58.87,38.8,"Sell","MA cross"
"NVDA",2026-02-17,60.85,52.7,"Buy","MACD+RSI"
"NVDA",2026-03-04,64.21,56.9,"Buy","MA cross"
"NVDA",2026-03-24,68.28,59,"Sell","MACD+RSI"
"NVDA",2026-04-13,73.48,68,"Buy","MACD+RSI"
"NVDA",2026-04-17,71.72,56.6,"Sell","MACD+RSI"
"NVDA",2026-04-20,74.77,64.5,"Buy","MACD+RSI"
"NVDA",2026-04-28,72.08,50.6,"Sell","MACD+RSI"
"NVDA",2026-05-14,75,58,"Buy","MACD+RSI"
"NVDA",2026-05-27,71.92,43.8,"Sell","MACD+RSI"
"NVDA",2026-06-03,77.08,60.5,"Buy","MACD+RSI"
"NVDA",2026-06-17,75.5,45.1,"Sell","MACD+RSI"
"NVDA",2026-07-09,77.78,54.3,"Buy","MACD+RSI"
"NVDA",2026-07-14,74.22,40.9,"Sell","MA cross"
"NVDA",2026-07-22,77.01,51.8,"Buy","MACD+RSI"
"NVDA",2026-07-29,81.9,66.1,"Buy","MA cross"
"NVDA",2026-08-13,79.86,48.8,"Sell","MACD+RSI"
"NVDA",2026-09-02,69.36,29,"Sell","MA cross"
"NVDA",2026-09-17,69.82,40.3,"Buy","MACD+RSI"
